CREATE DATABASE  IF NOT EXISTS `ruralia` /*!40100 DEFAULT CHARACTER SET latin1 */;
USE `ruralia`;
-- MySQL dump 10.13  Distrib 5.5.16, for Win32 (x86)
--
-- Host: localhost    Database: ruralia
-- ------------------------------------------------------
-- Server version	5.5.8

/*!40101 SET @OLD_CHARACTER_SET_CLIENT=@@CHARACTER_SET_CLIENT */;
/*!40101 SET @OLD_CHARACTER_SET_RESULTS=@@CHARACTER_SET_RESULTS */;
/*!40101 SET @OLD_COLLATION_CONNECTION=@@COLLATION_CONNECTION */;
/*!40101 SET NAMES utf8 */;
/*!40103 SET @OLD_TIME_ZONE=@@TIME_ZONE */;
/*!40103 SET TIME_ZONE='+00:00' */;
/*!40014 SET @OLD_UNIQUE_CHECKS=@@UNIQUE_CHECKS, UNIQUE_CHECKS=0 */;
/*!40014 SET @OLD_FOREIGN_KEY_CHECKS=@@FOREIGN_KEY_CHECKS, FOREIGN_KEY_CHECKS=0 */;
/*!40101 SET @OLD_SQL_MODE=@@SQL_MODE, SQL_MODE='NO_AUTO_VALUE_ON_ZERO' */;
/*!40111 SET @OLD_SQL_NOTES=@@SQL_NOTES, SQL_NOTES=0 */;

--
-- Table structure for table `propietarios`
--

DROP TABLE IF EXISTS `propietarios`;
/*!40101 SET @saved_cs_client     = @@character_set_client */;
/*!40101 SET character_set_client = utf8 */;
CREATE TABLE `propietarios` (
  `CodPropietario` varchar(9) NOT NULL DEFAULT '',
  `Nombre` varchar(45) NOT NULL DEFAULT '',
  `Apellidos` varchar(45) NOT NULL DEFAULT '',
  `Telefono` varchar(9) NOT NULL DEFAULT '',
  PRIMARY KEY (`CodPropietario`)
) ENGINE=InnoDB DEFAULT CHARSET=latin1;
/*!40101 SET character_set_client = @saved_cs_client */;

--
-- Dumping data for table `propietarios`
--

LOCK TABLES `propietarios` WRITE;
/*!40000 ALTER TABLE `propietarios` DISABLE KEYS */;
INSERT INTO `propietarios` VALUES ('10101010Z','VICTOR','CARDENAS BERLANGA','956789101'),('11111111Z','EUGENIO','ROLDAN ROMASANTA','956789111'),('12121212Z','RUBEN','PEREZ CAÑAS','956789121'),('12341223Z','JUAN CARLOS','DE BORBON Y BORBON','657383922'),('12345234Z','MARIO','VARGAS LLOSA','837366356'),('12456465Z','SHARON','STONE','837636663'),('13131313Z','MARIPAZ','CALDERON BENJUMEA','956789131'),('14141414Z','TAMARA','LUMBRERAS SANCHEZ','956789141'),('15151515Z','PABLO','IGLESIAS RODRIGUEZ','956789151'),('16161616Z','DANIEL','DIAZ ROMERO','954656561'),('17171717Z','FRANCISCO','MARTIN ROMERO','954124546'),('18181818Z','IRENE','NIETO RUIZ','955487561');
/*!40000 ALTER TABLE `propietarios` ENABLE KEYS */;
UNLOCK TABLES;

--
-- Table structure for table `ubicaciones`
--

DROP TABLE IF EXISTS `ubicaciones`;
/*!40101 SET @saved_cs_client     = @@character_set_client */;
/*!40101 SET character_set_client = utf8 */;
CREATE TABLE `ubicaciones` (
  `CodUbic` int(11) NOT NULL DEFAULT '0',
  `Nombre` varchar(45) NOT NULL DEFAULT '',
  PRIMARY KEY (`CodUbic`)
) ENGINE=InnoDB DEFAULT CHARSET=latin1;
/*!40101 SET character_set_client = @saved_cs_client */;

--
-- Dumping data for table `ubicaciones`
--

LOCK TABLES `ubicaciones` WRITE;
/*!40000 ALTER TABLE `ubicaciones` DISABLE KEYS */;
INSERT INTO `ubicaciones` VALUES (0,'GRAZALEMA'),(1,'ARACENA'),(2,'BENAMAHOMA'),(3,'EL PINSAPAR'),(4,'JABUGO'),(5,'ALAJAR'),(6,'GALAROZA'),(7,'UBRIQUE'),(8,'RONDA'),(9,'GUADIX'),(10,'TREVELEZ'),(11,'LANJARON');
/*!40000 ALTER TABLE `ubicaciones` ENABLE KEYS */;
UNLOCK TABLES;

--
-- Table structure for table `alquileres`
--

DROP TABLE IF EXISTS `alquileres`;
/*!40101 SET @saved_cs_client     = @@character_set_client */;
/*!40101 SET character_set_client = utf8 */;
CREATE TABLE `alquileres` (
  `CodCasa` int(11) NOT NULL DEFAULT '0',
  `FechaIni` date NOT NULL DEFAULT '0000-00-00',
  `FechaFin` date NOT NULL DEFAULT '0000-00-00',
  `CodCliente` varchar(9) NOT NULL DEFAULT '',
  PRIMARY KEY (`CodCasa`,`FechaIni`,`FechaFin`),
  KEY `FK_alquileres_2` (`CodCliente`),
  KEY `FK_CASAS` (`CodCasa`),
  KEY `FK_CLIENTES` (`CodCliente`),
  CONSTRAINT `FK_CLIENTES` FOREIGN KEY (`CodCliente`) REFERENCES `clientes` (`CodCliente`) ON DELETE NO ACTION ON UPDATE NO ACTION,
  CONSTRAINT `FK_CASAS` FOREIGN KEY (`CodCasa`) REFERENCES `casas` (`CodCasa`) ON DELETE NO ACTION ON UPDATE NO ACTION
) ENGINE=InnoDB DEFAULT CHARSET=latin1;
/*!40101 SET character_set_client = @saved_cs_client */;

--
-- Dumping data for table `alquileres`
--

LOCK TABLES `alquileres` WRITE;
/*!40000 ALTER TABLE `alquileres` DISABLE KEYS */;
INSERT INTO `alquileres` VALUES (0,'2006-01-01','2006-01-31','22222222Z'),(0,'2006-04-10','2006-04-20','22222222Z'),(1,'2006-03-20','2006-03-28','22222222Z'),(8,'2006-04-10','2006-04-20','22222222Z'),(11,'2005-01-01','2005-01-07','22222222Z'),(12,'2005-08-01','2005-08-31','22222222Z'),(14,'2005-08-01','2005-08-31','22222222Z'),(18,'2005-03-01','2005-03-07','22222222Z'),(5,'2006-03-15','2006-04-30','30303030Z'),(12,'2006-01-01','2006-01-31','30303030Z'),(13,'2006-02-01','2006-02-15','30303030Z'),(18,'2006-01-01','2006-01-31','30303030Z'),(0,'2006-02-01','2006-02-15','33333333Z'),(8,'2006-01-01','2006-01-31','33333333Z'),(8,'2006-02-01','2006-02-15','33333333Z'),(15,'2005-07-01','2005-07-31','33333333Z'),(16,'2006-02-05','2006-02-15','33333333Z'),(20,'2005-03-01','2005-03-07','33333333Z'),(20,'2005-09-01','2005-09-15','33333333Z'),(20,'2005-09-16','2005-09-30','33333333Z'),(3,'2006-03-10','2006-04-10','36363738Z'),(8,'2005-11-01','2005-11-15','37847834Z'),(8,'2006-02-16','2006-02-17','37847834Z'),(8,'2006-02-20','2006-02-28','37847834Z'),(20,'2005-11-01','2005-11-15','37847834Z'),(5,'2006-01-01','2006-01-31','40404040Z'),(9,'2005-08-01','2005-08-31','40404040Z'),(11,'2006-03-25','2006-03-28','40404040Z'),(13,'2006-01-01','2006-01-31','40404040Z'),(14,'2005-11-01','2005-11-15','40404040Z'),(17,'2006-03-25','2006-03-28','40404040Z'),(18,'2005-10-01','2005-10-10','40404040Z'),(18,'2005-11-01','2005-11-15','40404040Z'),(20,'2006-01-01','2006-01-31','40404040Z'),(1,'2006-01-01','2006-01-31','44444444Z'),(4,'2006-01-01','2006-01-31','44444444Z'),(4,'2006-02-01','2006-02-15','44444444Z'),(7,'2006-01-01','2006-01-31','44444444Z'),(7,'2006-02-01','2006-02-15','44444444Z'),(7,'2006-04-10','2006-04-20','44444444Z'),(8,'2006-03-25','2006-03-28','44444444Z'),(11,'2005-09-01','2005-09-15','44444444Z'),(13,'2005-09-16','2005-09-30','44444444Z'),(14,'2006-02-05','2006-02-15','44444444Z'),(15,'2005-03-08','2005-03-27','44444444Z'),(19,'2005-11-01','2005-11-15','44444444Z'),(10,'2005-08-01','2005-08-31','50505050Z'),(13,'2006-02-16','2006-02-17','50505050Z'),(4,'2006-03-03','2006-03-28','55555555Z'),(7,'2006-02-01','2006-02-03','55555555Z'),(7,'2006-02-16','2006-02-22','55555555Z'),(9,'2006-01-01','2006-01-31','55555555Z'),(1,'2006-02-10','2006-02-15','66666666Z'),(7,'2006-03-10','2006-03-28','66666666Z'),(9,'2006-02-01','2006-02-15','66666666Z'),(12,'2005-11-01','2005-11-15','66666666Z'),(14,'2006-02-16','2006-02-17','66666666Z'),(15,'2006-01-01','2006-01-31','66666666Z'),(18,'2006-03-20','2006-03-24','66666666Z'),(19,'2005-03-01','2005-03-07','66666666Z'),(3,'2006-01-01','2006-01-31','73263263Z'),(3,'2006-02-05','2006-02-15','73263263Z'),(13,'2005-03-08','2005-03-27','73263263Z'),(16,'2005-08-01','2005-08-31','73263263Z'),(10,'2005-01-01','2005-01-07','75757575Z'),(13,'2005-03-01','2005-03-07','75757575Z'),(2,'2006-04-10','2006-04-20','76358262Z'),(6,'2006-02-10','2006-02-20','76358262Z'),(13,'2005-01-01','2005-01-07','76358262Z'),(14,'2005-09-01','2005-09-15','76358262Z'),(14,'2005-09-16','2005-09-30','76358262Z'),(16,'2005-07-01','2005-07-31','76358262Z'),(19,'2005-08-01','2005-08-31','76358262Z'),(9,'2006-03-20','2006-03-24','77777777Z'),(11,'2005-10-01','2005-10-10','77777777Z'),(11,'2005-11-01','2005-11-15','77777777Z'),(15,'2005-09-01','2005-09-15','77777777Z'),(17,'2005-09-16','2005-09-30','77777777Z'),(17,'2005-10-01','2005-10-10','77777777Z'),(2,'2006-01-01','2006-01-31','78787878Z'),(2,'2006-02-05','2006-02-15','78787878Z'),(5,'2006-02-01','2006-02-15','78787878Z'),(11,'2005-07-01','2005-07-31','78787878Z'),(13,'2005-07-01','2005-07-31','78787878Z'),(15,'2005-08-01','2005-08-31','78787878Z'),(16,'2005-09-16','2005-09-30','78787878Z'),(19,'2006-01-01','2006-01-31','78787878Z'),(2,'2006-03-20','2006-03-28','87237832Z'),(6,'2006-03-20','2006-03-28','87237832Z'),(13,'2005-08-01','2005-08-31','87237832Z'),(1,'2006-04-10','2006-04-20','88888888Z'),(10,'2006-03-20','2006-03-24','88888888Z'),(13,'2005-11-01','2005-11-15','88888888Z'),(14,'2005-07-01','2005-07-31','88888888Z'),(14,'2006-03-25','2006-03-28','88888888Z'),(18,'2005-07-01','2005-07-31','88888888Z'),(0,'2006-03-20','2006-03-28','99999999Z'),(14,'2005-01-01','2005-01-07','99999999Z'),(17,'2006-01-01','2006-01-31','99999999Z');
/*!40000 ALTER TABLE `alquileres` ENABLE KEYS */;
UNLOCK TABLES;

--
-- Table structure for table `casas`
--

DROP TABLE IF EXISTS `casas`;
/*!40101 SET @saved_cs_client     = @@character_set_client */;
/*!40101 SET character_set_client = utf8 */;
CREATE TABLE `casas` (
  `CodCasa` int(11) NOT NULL DEFAULT '0',
  `CodPropietario` varchar(9) NOT NULL DEFAULT '',
  `CodUbic` int(11) NOT NULL DEFAULT '0',
  `Habitaciones` int(11) NOT NULL DEFAULT '0',
  `Piscina` varchar(1) NOT NULL DEFAULT '',
  `Precio` double NOT NULL DEFAULT '0',
  `Descripcion` varchar(100) NOT NULL DEFAULT '',
  PRIMARY KEY (`CodCasa`),
  KEY `FK_casas_1` (`CodPropietario`),
  KEY `FK_casas_2` (`CodUbic`),
  KEY `FK_PROPIETARIOS` (`CodPropietario`),
  KEY `FK_UBICACIONES` (`CodUbic`),
  CONSTRAINT `FK_PROPIETARIOS` FOREIGN KEY (`CodPropietario`) REFERENCES `propietarios` (`CodPropietario`) ON DELETE NO ACTION ON UPDATE NO ACTION,
  CONSTRAINT `FK_UBICACIONES` FOREIGN KEY (`CodUbic`) REFERENCES `ubicaciones` (`CodUbic`) ON DELETE NO ACTION ON UPDATE NO ACTION
) ENGINE=InnoDB DEFAULT CHARSET=latin1;
/*!40101 SET character_set_client = @saved_cs_client */;

--
-- Dumping data for table `casas`
--

LOCK TABLES `casas` WRITE;
/*!40000 ALTER TABLE `casas` DISABLE KEYS */;
INSERT INTO `casas` VALUES (0,'11111111Z',0,4,'N',50,'CASA RUSTICA Y POCO AMUEBLADA'),(1,'11111111Z',0,2,'S',70,'NUEVA Y SOLEADA. CON JARDIN'),(2,'13131313Z',0,6,'S',100,'HASTA 12 PERSONAS. CON CHIMENEA. '),(3,'13131313Z',1,2,'N',40,'PEQUEÑITA. SIN BAÑERA, SOLO DUCHA.'),(4,'10101010Z',2,1,'N',25,'PARA PAREJITAS (ENTRAN DOS MUY APRETADOS)'),(5,'10101010Z',1,3,'N',40,'EN PLENA SIERRA. A 4 KM DE LA CARRETERA GENERAL'),(6,'18181818Z',4,2,'S',30,'AL LADO DEL SECADERO DE JAMONES JABUGUITOS. (LAS TOSTADAS SON DE JAMON CON SACARLAS A LA VENTANA)'),(7,'18181818Z',3,2,'S',39,'ANTIGUO CASERIO'),(8,'14141414Z',8,4,'S',60,'A 2 KM DE RONDA DIRECCION SAN PEDRO'),(9,'14141414Z',5,3,'N',60,'JACUZZI AL LADO DE LA ALBERCA'),(10,'17171717Z',5,2,'N',40,'TRES CERDOS BELLOTEROS ADORNAN EL PATIO'),(11,'17171717Z',6,2,'N',90,'VISTAS AL POZO'),(12,'17171717Z',7,1,'N',45,'VISTAS A LA FINCA DE JESULIN'),(13,'12121212Z',7,6,'S',120,'MAS GRANDE QUE AMBICIONES'),(14,'12121212Z',9,3,'N',60,'MUY GRANDE CON CHIMENEA.'),(15,'14141414Z',11,2,'N',35,'AGUA PA\' JARTARSE'),(16,'14141414Z',11,2,'S',40,'CASA DE NUEVA CONSTRUCCION'),(17,'10101010Z',10,4,'S',70,'POR ESTANCIA SUPERIOR A 10 DIAS EL PROPIETARIO REGALA UN JAMON.'),(18,'13131313Z',10,3,'N',60,'CASA ANTIGUA AL LADO DE UN MOLINO DE AGUA'),(19,'13131313Z',6,7,'S',180,'HASTA 14 PERSONAS.'),(20,'15151515Z',2,2,'S',57,'AL LADO DE LA PISCIFACTORIA DE TRUCHAS.');
/*!40000 ALTER TABLE `casas` ENABLE KEYS */;
UNLOCK TABLES;

--
-- Table structure for table `clientes`
--

DROP TABLE IF EXISTS `clientes`;
/*!40101 SET @saved_cs_client     = @@character_set_client */;
/*!40101 SET character_set_client = utf8 */;
CREATE TABLE `clientes` (
  `CodCliente` varchar(9) NOT NULL DEFAULT '',
  `Nombre` varchar(45) NOT NULL DEFAULT '',
  `Apellidos` varchar(45) NOT NULL DEFAULT '',
  `Telefono` varchar(9) NOT NULL DEFAULT '',
  PRIMARY KEY (`CodCliente`)
) ENGINE=InnoDB DEFAULT CHARSET=latin1;
/*!40101 SET character_set_client = @saved_cs_client */;

--
-- Dumping data for table `clientes`
--

LOCK TABLES `clientes` WRITE;
/*!40000 ALTER TABLE `clientes` DISABLE KEYS */;
INSERT INTO `clientes` VALUES ('22222222Z','CARLOS','ALGECIRAS VILLEGAS','956789222'),('30303030Z','LOLA','\"LA PITONISA\"','956789122'),('33333333Z','SALVADOR','GALLEGO MONTERO','956789333'),('36363738Z','SUPERLOPEZ','BYJAN','937474747'),('37847834Z','ANA MARIA','LOPEZ LOPEZ','954783737'),('40404040Z','NIKI','COXX','956343231'),('44444444Z','JUAN CARLOS','GONZALEZ MARTINEZ','956789444'),('50505050Z','EL FARY','OLE OLE','953434231'),('55555555Z','DAVID','CASTELLANOS GARCIA','956789555'),('66666666Z','EDUARDO','DORADO MELENDO','956789666'),('73263263Z','SANTIAGO','SEGURA','917346346'),('75757575Z','RAKEL','WINCHESTER','957365378'),('76358262Z','EMMA','SUAREZ','916736367'),('77777777Z','ALFONSO','ALARCON ROMAN','956789777'),('78787878Z','JOSE RAMON','DE LA MORENA','900800800'),('87237832Z','PEPE','MEL','973636323'),('88888888Z','CHARI','MERIDA RIVAS','956789888'),('99999999Z','ALEXIS','FLORES ORTEGA','956789999');
/*!40000 ALTER TABLE `clientes` ENABLE KEYS */;
UNLOCK TABLES;
/*!40103 SET TIME_ZONE=@OLD_TIME_ZONE */;

/*!40101 SET SQL_MODE=@OLD_SQL_MODE */;
/*!40014 SET FOREIGN_KEY_CHECKS=@OLD_FOREIGN_KEY_CHECKS */;
/*!40014 SET UNIQUE_CHECKS=@OLD_UNIQUE_CHECKS */;
/*!40101 SET CHARACTER_SET_CLIENT=@OLD_CHARACTER_SET_CLIENT */;
/*!40101 SET CHARACTER_SET_RESULTS=@OLD_CHARACTER_SET_RESULTS */;
/*!40101 SET COLLATION_CONNECTION=@OLD_COLLATION_CONNECTION */;
/*!40111 SET SQL_NOTES=@OLD_SQL_NOTES */;

-- Dump completed on 2012-03-11 22:58:44
